{
  "area": [
    {
      "id": 2,
      "type": "corner",
      "position": {
        "x": 5.5518796009590465,
        "y": -48.73707686583167
      },
      "orientation": 0.0017906321497398521
    },
    {
      "id": 3,
      "type": "corner",
      "position": {
        "x": 32.056338902147964,
        "y": -99.03085223144522
      },
      "orientation": 0.0059158255202237334
    },
    {
      "id": 1,
      "type": "corner",
      "position": {
        "x": -4.199479535182131,
        "y": -53.00162147584826
      },
      "orientation": -0.005617072036357047
    },
    {
      "id": 0,
      "type": "corner",
      "position": {
        "x": -76.05494020172544,
        "y": 14.926300916548918
      },
      "orientation": -0.007692372372963856
    }
  ]
}