{
  "area": [
    {
      "id": 1,
      "position": {
        "x": 747.624550909236,
        "y": 115.7754363631932
      },
      "estimated_position": {
        "x": 747.624550909236,
        "y": 115.7754363631932
      }
    },
    {
      "id": 0,
      "position": {
        "x": 1269.6206849287114,
        "y": 228.97119213903886
      },
      "estimated_position": {
        "x": 1269.6206849287114,
        "y": 228.97119213903886
      }
    },
    {
      "id": 2,
      "position": {
        "x": 327.99848269238703,
        "y": 47.14569959055518
      },
      "estimated_position": {
        "x": 327.99848269238703,
        "y": 47.14569959055518
      }
    },
    {
      "id": 3,
      "position": {
        "x": 0.0,
        "y": 0.0
      },
      "estimated_position": {
        "x": 0.0,
        "y": 0.0
      }
    }
  ]
}