{
  "area": [
    {
      "id": 2,
      "position": {
        "x": 1766.0377358490566,
        "y": 1400.0
      },
      "estimated_position": {
        "x": 1789.7116809004528,
        "y": 1199.5961120194643
      }
    },
    {
      "id": 1,
      "position": {
        "x": 1800.0,
        "y": 129.29936305732483
      },
      "estimated_position": {
        "x": 1423.1381746955158,
        "y": 37.26293374834995
      }
    },
    {
      "id": 0,
      "position": {
        "x": 0.0,
        "y": 0.0
      },
      "estimated_position": {
        "x": 0.0,
        "y": 0.0
      }
    },
    {
      "id": 3,
      "position": {
        "x": 29.716981132075475,
        "y": 1395.5414012738854
      },
      "estimated_position": {
        "x": 615.0397794229266,
        "y": 1223.5212555654282
      }
    }
  ]
}