{
  "area": [
    {
      "id": 0,
      "position": {
        "x": 247.7452817405872,
        "y": 0.0
      }
    },
    {
      "id": 1,
      "position": {
        "x": 3969.8393808847723,
        "y": 419.77533019808675
      }
    },
    {
      "id": 2,
      "position": {
        "x": 3449.7172465419244,
        "y": 2975.482050224849
      }
    },
    {
      "id": 3,
      "position": {
        "x": 0.0,
        "y": 2790.1994357445124
      }
    }
  ]
}