{
  "area": [
    {
      "id": 2,
      "position": {
        "x": 288.75,
        "y": 325.75
      },
      "estimated_position": {
        "x": -2771.4921953464623,
        "y": -8.880200887429684
      }
    },
    {
      "id": 1,
      "position": {
        "x": 371.5,
        "y": 227.75
      },
      "estimated_position": {
        "x": -2285.917579854277,
        "y": -816.1846358191322
      }
    }
  ]
}