{
  "area": [
    {
      "id": 0,
      "position": {
        "x": 216.0,
        "y": 1109.75
      },
      "estimated_position": {
        "x": -239.47116382153803,
        "y": -19.65143264225383
      }
    },
    {
      "id": 2,
      "position": {
        "x": 334.5,
        "y": 1112.75
      },
      "estimated_position": {
        "x": -139.67528173214527,
        "y": -17.31530913800893
      }
    }
  ]
}