{
  "area": [
    {
      "id": 2,
      "position": {
        "x": 1510.1694915254236,
        "y": 1400.0
      },
      "estimated_position": {
        "x": 1362.646869825509,
        "y": 1365.5417556293835
      }
    },
    {
      "id": 1,
      "position": {
        "x": 1800.0,
        "y": 347.5694444444444
      },
      "estimated_position": {
        "x": 1568.1195338265752,
        "y": 320.7395923685001
      }
    },
    {
      "id": 0,
      "position": {
        "x": 167.79661016949152,
        "y": 0.0
      },
      "estimated_position": {
        "x": 32.1658996023516,
        "y": 0.0
      }
    },
    {
      "id": 3,
      "position": {
        "x": 0.0,
        "y": 1159.375
      },
      "estimated_position": {
        "x": 0.0,
        "y": 1155.5395286952435
      }
    }
  ]
}