{
  "area": [
    {
      "id": 3,
      "position": {
        "x": 0.0,
        "y": 1400.0
      },
      "estimated_position": {
        "x": 137.86028405216666,
        "y": 1112.765347215279
      }
    },
    {
      "id": 2,
      "position": {
        "x": 1679.8665183537262,
        "y": 1380.9667673716012
      },
      "estimated_position": {
        "x": 1614.632903548275,
        "y": 1012.7788032574329
      }
    },
    {
      "id": 1,
      "position": {
        "x": 1800.0,
        "y": 57.09969788519638
      },
      "estimated_position": {
        "x": 1690.855402715632,
        "y": 11.476419107986885
      }
    },
    {
      "id": 0,
      "position": {
        "x": 10.011123470522802,
        "y": 0.0
      },
      "estimated_position": {
        "x": 0.0,
        "y": 0.0
      }
    }
  ]
}