{
  "obstacles": [
    {
      "id": 10,
      "center": {
        "x": 1108.0188679245284,
        "y": 1248.407643312102
      },
      "rotation": -0.06010701394869789,
      "estimated_position": {
        "x": 1199.5516154820662,
        "y": 1077.843068097567
      }
    },
    {
      "id": 4,
      "center": {
        "x": 522.1698113207548,
        "y": 954.140127388535
      },
      "rotation": -0.06808227718369199,
      "estimated_position": {
        "x": 563.117201426925,
        "y": 825.165549101358
      }
    },
    {
      "id": 9,
      "center": {
        "x": 178.30188679245285,
        "y": 472.61146496815286
      },
      "rotation": -0.07766662265204229,
      "estimated_position": {
        "x": 407.7295988253736,
        "y": 443.8346056332409
      }
    },
    {
      "id": 8,
      "center": {
        "x": 1277.8301886792453,
        "y": 142.6751592356688
      },
      "rotation": 0.028467700449950884,
      "estimated_position": {
        "x": 924.952804797781,
        "y": 53.3263518569629
      }
    }
  ]
}