{
  "obstacles": [
    {
      "id": 9,
      "center": {
        "x": 250.37593984962405,
        "y": 430.5376344086022
      },
      "rotation": 0.3102737938049832,
      "estimated_position": {
        "x": 256.6405760489106,
        "y": 429.4780847385796
      }
    },
    {
      "id": 4,
      "center": {
        "x": 500.7518796992481,
        "y": 873.1182795698925
      },
      "rotation": 0.11761021791001038,
      "estimated_position": {
        "x": 423.69871650761024,
        "y": 853.3903169231705
      }
    },
    {
      "id": 10,
      "center": {
        "x": 987.9699248120301,
        "y": 1204.3010752688172
      },
      "rotation": 0.14355364561437892,
      "estimated_position": {
        "x": 898.7125400911996,
        "y": 1199.5900778569408
      }
    },
    {
      "id": 8,
      "center": {
        "x": 1333.0827067669172,
        "y": 292.0430107526882
      },
      "rotation": 0.18430894068807588,
      "estimated_position": {
        "x": 1089.672057738646,
        "y": 193.2686614843219
      }
    }
  ]
}