{
  "obstacles": [
    {
      "id": 10,
      "center": {
        "x": 239.75,
        "y": 278.0
      },
      "rotation": 0.42152114670756724,
      "estimated_position": {
        "x": -3285.041962871914,
        "y": -386.34651927063163
      }
    }
  ]
}