{
  "obstacles": [
    {
      "id": 7,
      "center": {
        "x": 1060.720042987641,
        "y": 155.76534052596094
      },
      "rotation": 2.316519105451806,
      "estimated_position": {
        "x": 3748.2711545210022,
        "y": 4799.8032035901015
      }
    },
    {
      "id": 15,
      "center": {
        "x": 1109.0811391724878,
        "y": 463.25016857720834
      },
      "rotation": 1.8839933694890452,
      "estimated_position": {
        "x": 3814.469075260703,
        "y": 3641.2272325477857
      }
    },
    {
      "id": 14,
      "center": {
        "x": 1806.5556152606125,
        "y": 993.2569116655428
      },
      "rotation": 0.1383846840508944,
      "estimated_position": {
        "x": 6413.004496996959,
        "y": 1905.1413071164739
      }
    },
    {
      "id": 9,
      "center": {
        "x": 1418.5921547555076,
        "y": 1014.497639919083
      },
      "rotation": 3.1316286544436793,
      "estimated_position": {
        "x": 4703.804342747816,
        "y": 1371.0671746647395
      }
    }
  ]
}