{
  "obstacles": [
    {
      "id": 9,
      "center": {
        "x": 160.17797552836484,
        "y": 469.4864048338369
      },
      "rotation": -0.07122732630443636,
      "estimated_position": {
        "x": 239.96786351840592,
        "y": 368.6292581523964
      }
    },
    {
      "id": 4,
      "center": {
        "x": 481.32596685082876,
        "y": 949.546827794562
      },
      "rotation": -0.04617096279877066,
      "estimated_position": {
        "x": 416.678294884204,
        "y": 778.0689440819611
      }
    },
    {
      "id": 10,
      "center": {
        "x": 1027.1412680756396,
        "y": 1245.619335347432
      },
      "rotation": -0.043200858045440986,
      "estimated_position": {
        "x": 1047.575288054251,
        "y": 951.0148091405472
      }
    },
    {
      "id": 8,
      "center": {
        "x": 1253.3926585094548,
        "y": 86.70694864048339
      },
      "rotation": 0.009171111098569006,
      "estimated_position": {
        "x": 1213.5696840621956,
        "y": 42.932301073807025
      }
    }
  ]
}