{
  "obstacles": [
    {
      "id": 10,
      "center": {
        "x": 953.3898305084746,
        "y": 1193.4027777777776
      },
      "rotation": 0.33173818406337463,
      "estimated_position": {
        "x": 792.4042770012502,
        "y": 1163.1709755870638
      }
    },
    {
      "id": 4,
      "center": {
        "x": 498.3050847457627,
        "y": 870.1388888888888
      },
      "rotation": 0.11634142571407063,
      "estimated_position": {
        "x": 332.08334579984785,
        "y": 845.2440705179088
      }
    },
    {
      "id": 9,
      "center": {
        "x": 264.4067796610169,
        "y": 422.91666666666663
      },
      "rotation": 0.09460648204724953,
      "estimated_position": {
        "x": 92.38497951315094,
        "y": 403.5745262912601
      }
    },
    {
      "id": 8,
      "center": {
        "x": 1309.322033898305,
        "y": 286.80555555555554
      },
      "rotation": 0.12561898556366907,
      "estimated_position": {
        "x": 1020.7975010821237,
        "y": 231.97176096733597
      }
    }
  ]
}