{
  "obstacles": [
    {
      "id": 4,
      "center": {
        "x": 1047.1243243222489,
        "y": 2062.770419911669
      },
      "rotation": 0.09264672122279569
    },
    {
      "id": 9,
      "center": {
        "x": 483.23336860600944,
        "y": 1034.8653629874866
      },
      "rotation": 0.1259982441804595
    },
    {
      "id": 8,
      "center": {
        "x": 2889.8154651104032,
        "y": 431.8669276486705
      },
      "rotation": 0.08066715970121119
    },
    {
      "id": 10,
      "center": {
        "x": 2160.400638197171,
        "y": 2653.6503400891756
      },
      "rotation": 0.08008810713660941
    }
  ]
}