{
  "obstacles": [
    {
      "id": 10,
      "center": {
        "x": 330.5,
        "y": 400.0
      },
      "rotation": -1.6250861274726232,
      "estimated_position": {
        "x": -4288.085367823661,
        "y": 975.1155310712805
      }
    },
    {
      "id": 8,
      "center": {
        "x": 265.0,
        "y": 388.25
      },
      "rotation": -1.50884033611754,
      "estimated_position": {
        "x": -5438.525008820938,
        "y": 869.9181783946105
      }
    }
  ]
}