{
  "obstacles": [
    {
      "id": 9,
      "center": {
        "x": 664.440734557596,
        "y": 243.76336421952965
      },
      "rotation": 0.17454090714717815,
      "estimated_position": {
        "x": 2472.7247970887474,
        "y": 4189.74671078296
      }
    },
    {
      "id": 7,
      "center": {
        "x": 1164.162493043962,
        "y": 517.4625801853173
      },
      "rotation": -1.8706956512429274,
      "estimated_position": {
        "x": 4111.139273240716,
        "y": 3212.672293484773
      }
    },
    {
      "id": 10,
      "center": {
        "x": 783.9643652561247,
        "y": 957.1734475374732
      },
      "rotation": -2.691710647667283,
      "estimated_position": {
        "x": 2861.922418490787,
        "y": 1718.9860941388433
      }
    },
    {
      "id": 14,
      "center": {
        "x": 681.135225375626,
        "y": 1064.8610121168924
      },
      "rotation": 0.9153590509275886,
      "estimated_position": {
        "x": 2537.237163680963,
        "y": 1368.0008167730007
      }
    }
  ]
}