{
  "obstacles": [
    {
      "id": 10,
      "center": {
        "x": 1042.3592493297585,
        "y": 158.7360594795539
      },
      "rotation": -0.007912134704724875,
      "estimated_position": {
        "x": 1119.5328267548402,
        "y": 1064.7769373669926
      }
    },
    {
      "id": 4,
      "center": {
        "x": 511.52815013404825,
        "y": 450.185873605948
      },
      "rotation": 0.026341929165071064,
      "estimated_position": {
        "x": 545.7869417959018,
        "y": 818.2597392456825
      }
    },
    {
      "id": 9,
      "center": {
        "x": 212.33243967828417,
        "y": 928.996282527881
      },
      "rotation": 0.043599139131153326,
      "estimated_position": {
        "x": 191.57318688536816,
        "y": 408.68411967691804
      }
    },
    {
      "id": 8,
      "center": {
        "x": 1298.1233243967827,
        "y": 1280.2973977695167
      },
      "rotation": 0.014679792448671227,
      "estimated_position": {
        "x": 1023.6193644178829,
        "y": 65.11746538018929
      }
    }
  ]
}