{
  "obstacles": [
    {
      "id": 7,
      "center": {
        "x": 1900.028422548555,
        "y": 1776.0701192677016
      },
      "rotation": -2.05033706354752,
      "estimated_position": {
        "x": 18817.852502954804,
        "y": 6722.200607975831
      }
    },
    {
      "id": 5,
      "center": {
        "x": 686.1878453038674,
        "y": 1213.4991119005329
      },
      "rotation": 1.8707827543601112,
      "estimated_position": {
        "x": 3318.7161050140494,
        "y": 334.55268407202675
      }
    }
  ]
}