{
  "obstacles": [
    {
      "id": 10,
      "center": {
        "x": 1082.0659971305595,
        "y": 139.1812865497077
      },
      "rotation": -0.02177392147896306,
      "estimated_position": {
        "x": 1065.108576212449,
        "y": 1098.1483146669584
      }
    },
    {
      "id": 4,
      "center": {
        "x": 513.9167862266858,
        "y": 436.64717348927877
      },
      "rotation": 0.03577349314713015,
      "estimated_position": {
        "x": 515.2448770900546,
        "y": 833.6388848741949
      }
    },
    {
      "id": 9,
      "center": {
        "x": 178.1922525107604,
        "y": 919.6881091617934
      },
      "rotation": 0.9500032000446911,
      "estimated_position": {
        "x": 228.0699014320353,
        "y": 438.895122818079
      }
    },
    {
      "id": 8,
      "center": {
        "x": 1275.7532281205165,
        "y": 1252.6315789473683
      },
      "rotation": -0.006980208182334687,
      "estimated_position": {
        "x": 1027.4461039092535,
        "y": 27.158291634183115
      }
    }
  ]
}