{
  "robots": [
    {
      "id": 13,
      "position": {
        "x": 462.43093922651934,
        "y": 519.7158081705151
      },
      "orientation": 2.0224722718821027,
      "estimated_position": {
        "x": 4207.876997639138,
        "y": 4219.750330236885
      }
    },
    {
      "id": 14,
      "position": {
        "x": 82.69253092611167,
        "y": 1041.8753213056034
      },
      "orientation": 1.9451980109363776,
      "estimated_position": {
        "x": -5662.642749254903,
        "y": 4049.8883354993495
      }
    }
  ]
}