{
  "robots": [
    {
      "id": 19,
      "position": {
        "x": 153.58931552587646,
        "y": 1104.4191019244477
      },
      "orientation": 1.6916576499754818,
      "estimated_position": {
        "x": -3.699010278309288,
        "y": 830.6325609529595
      }
    }
  ]
}