{
  "robots": [
    {
      "id": 13,
      "position": {
        "x": 1368.7230989956959,
        "y": 794.1520467836258
      },
      "orientation": -0.01795959109759806,
      "estimated_position": {
        "x": 1202.6427049270465,
        "y": 481.9253319553213
      }
    }
  ]
}