{
  "robots": [
    {
      "id": 19,
      "position": {
        "x": 81.67651800107468,
        "y": 303.43897505057316
      },
      "orientation": 0.6045169606085039,
      "estimated_position": {
        "x": -767.8068336129945,
        "y": 4128.516381099382
      }
    }
  ]
}