{
  "robots": [
    {
      "id": 13,
      "position": {
        "x": -220.92653173972838,
        "y": -729.3466473958262
      },
      "orientation": 3.1378571939171986,
      "estimated_position": {
        "x": -220.92653173972838,
        "y": -729.3466473958262
      }
    },
    {
      "id": 14,
      "position": {
        "x": -631.4479901525539,
        "y": -783.4943454650922
      },
      "orientation": 3.1130724475494977,
      "estimated_position": {
        "x": -631.4479901525539,
        "y": -783.4943454650922
      }
    },
    {
      "id": 15,
      "position": {
        "x": 1321.2007640310665,
        "y": -968.9962356948156
      },
      "orientation": -3.0853150811084395,
      "estimated_position": {
        "x": 1321.2007640310665,
        "y": -968.9962356948156
      }
    }
  ]
}