{
  "robots": [
    {
      "id": 14,
      "type": "robot",
      "position": {
        "x": -51.67010849715097,
        "y": -96.26635406212539
      },
      "orientation": -0.09720725423161328
    },
    {
      "id": 13,
      "type": "robot",
      "position": {
        "x": -10.688805670174338,
        "y": -66.18273454063231
      },
      "orientation": -0.03290167741367849
    }
  ]
}