{
  "robots": [
    {
      "id": 19,
      "position": {
        "x": 956.7567567567568,
        "y": 714.9732620320856
      },
      "orientation": 1.7468916217621775,
      "estimated_position": {
        "x": 2869.0891188407404,
        "y": 2101.7836900063444
      }
    },
    {
      "id": 18,
      "position": {
        "x": 968.2034976152623,
        "y": 461.3636363636364
      },
      "orientation": -0.8326098441209068,
      "estimated_position": {
        "x": 2588.638853812201,
        "y": 3143.4203849702435
      }
    }
  ]
}