{
  "robots": [
    {
      "id": 13,
      "position": {
        "x": 1531.3054724349545,
        "y": 1020.371508045853
      },
      "orientation": 0.033912073193301424,
      "estimated_position": {
        "x": 111.74240367410911,
        "y": 50.43348200185339
      }
    }
  ]
}