{
  "robots": [
    {
      "id": 13,
      "position": {
        "x": 1343.4927697441601,
        "y": 560.4229607250755
      },
      "orientation": -0.13016187938095106,
      "estimated_position": {
        "x": 1323.2130502770442,
        "y": 397.41829795941936
      }
    }
  ]
}