{
  "robots": [
    {
      "id": 19,
      "position": {
        "x": 1053.2663316582914,
        "y": 243.7900128040974
      },
      "rotation": -0.8509254776679809,
      "estimated_position": {
        "x": 258.09048696106424,
        "y": 248.17883806729867
      }
    },
    {
      "id": 12,
      "position": {
<<<<<<< HEAD
        "x": 722.6130653266331,
        "y": 570.0384122919334
=======
<<<<<<< HEAD
        "x": 153.58931552587646,
        "y": 1104.4191019244477
      },
      "orientation": 1.6916576499754818,
      "estimated_position": {
        "x": -3.699010278309288,
        "y": 830.6325609529595
=======
        "x": 1488.937093275488,
        "y": 392.29747675962824
>>>>>>> cba4923c3a48d491cb561543e3f45b80812a4306
      },
      "rotation": -91.19873697699674,
      "estimated_position": {
        "x": 127.8103360064772,
        "y": 175.67548860960113
      }
    },
    {
      "id": 13,
      "position": {
        "x": 914.572864321608,
        "y": 962.6120358514725
      },
      "rotation": 99.51193913472586,
      "estimated_position": {
        "x": 134.53790168592843,
        "y": 65.67353853803942
      }
    },
    {
      "id": 18,
      "position": {
        "x": 1126.6331658291456,
        "y": 1245.8386683738797
      },
      "rotation": 156.57218831281057,
      "estimated_position": {
<<<<<<< HEAD
        "x": 158.3109738460888,
        "y": -39.46897861243599
=======
        "x": 196.49122795842004,
        "y": 6.535130625914235
>>>>>>> 53f3e1fa4db1797ced5e2f91cd04815325f636ec
>>>>>>> cba4923c3a48d491cb561543e3f45b80812a4306
      }
    }
  ]
}