{
  "robots": [
    {
      "id": 13,
      "position": {
        "x": 1280.9078771695595,
        "y": 697.9166666666667
      },
      "orientation": 0.2424448750872395,
      "estimated_position": {
        "x": 1293.081775796702,
        "y": 793.0864299748253
      }
    }
  ]
}