{
  "robots": [
    {
      "id": 12,
      "position": {
        "x": 1101.0845986984816,
        "y": 13.014608233731906
      },
      "rotation": 2.3448008246356173,
      "estimated_position": {
        "x": 348.3968990166288,
        "y": 326.24358854997735
      }
    },
    {
      "id": 19,
      "position": {
        "x": 153.58931552587646,
        "y": 1104.4191019244477
      },
      "rotation": 1.6916576499754818,
      "estimated_position": {
        "x": -3.699010278309288,
        "y": 830.6325609529595
      }
    }
  ]
}