{
  "robots": [
    {
      "id": 12,
      "position": {
        "x": 1020.6393718452047,
        "y": 208.13214739517161
      },
      "rotation": -0.7325586141278202,
      "estimated_position": {
        "x": 295.34473700359746,
        "y": 271.6809256017772
      }
    },
    {
      "id": 19,
      "position": {
        "x": 695.5692652832305,
        "y": 546.1245235069886
      },
      "rotation": -95.41292654284817,
      "estimated_position": {
        "x": 146.36237551015608,
        "y": 192.33396152815848
      }
    },
    {
      "id": 13,
      "position": {
        "x": 885.3617498597869,
        "y": 933.9263024142313
      },
      "rotation": 97.77926779799594,
      "estimated_position": {
        "x": 179.36854727275886,
        "y": 83.41227764642738
      }
    },
    {
      "id": 18,
      "position": {
        "x": 1105.4402692091978,
        "y": 1220.3303684879288
      },
      "rotation": 155.04133179822506,
      "estimated_position": {
        "x": 235.79208822786063,
        "y": -14.464825151301739
      }
    }
  ]
}