{
  "robots": [
    {
      "id": 13,
      "position": {
        "x": 2926.2780027052668,
        "y": 1345.7435131881753
      },
      "orientation": 0.12623380486579783
    }
  ]
}