{
  "robots": [
    {
      "id": 12,
      "position": {
        "x": 1101.0845986984816,
        "y": 13.014608233731906
      },
      "rotation": 2.3448008246356173,
      "estimated_position": {
        "x": 348.3968990166288,
        "y": 326.24358854997735
      }
    },
    {
      "id": 19,
      "position": {
        "x": 1488.937093275488,
        "y": 392.29747675962824
      },
      "rotation": 1.1985858794968829,
      "estimated_position": {
        "x": 451.55166023122655,
        "y": 231.8033867075839
      }
    },
    {
      "id": 13,
      "position": {
        "x": 607.8091106290673,
        "y": 620.9827357237716
      },
      "rotation": 1.602463364015849,
      "estimated_position": {
        "x": 98.42714001783736,
        "y": 166.19811093627058
      }
    },
    {
      "id": 18,
      "position": {
        "x": 1115.7132512671978,
        "y": 1092.8191489361702
      },
      "rotation": -2.4238341619077355,
      "estimated_position": {
        "x": 196.49122795842004,
        "y": 6.535130625914235
      }
    }
  ]
}