{
  "robots": [
    {
      "id": 19,
      "position": {
        "x": 1355.7692307692307,
        "y": 600.6600660066007
      },
      "rotation": 15.290619723151174,
      "estimated_position": {
        "x": 462.0870600976025,
        "y": 187.36680895325367
      }
    },
    {
      "id": 12,
      "position": {
        "x": 736.8131868131868,
        "y": 680.7480748074807
      },
      "rotation": -103.45245345320772,
      "estimated_position": {
        "x": 169.91840418774632,
        "y": 162.08963895480258
      }
    },
    {
      "id": 13,
      "position": {
        "x": 1002.1978021978022,
        "y": 1065.786578657866
      },
      "rotation": 85.57305414453585,
      "estimated_position": {
        "x": 232.73849248688015,
        "y": 53.504827497534365
      }
    },
    {
      "id": 18,
      "position": {
        "x": 1098.6263736263736,
        "y": 1289.1089108910892
      },
      "rotation": 152.62363814049255,
      "estimated_position": {
        "x": 266.52783366967304,
        "y": -9.467557336370874
      }
    }
  ]
}